{
  "MAE_positions": 1.2379,
  "Spearman_rho": 0.9414,
  "feature_importances": {
    "S2Gap_s": 0.15470145642757416,
    "S3Gap_s": 0.08212938904762268,
    "S1Gap_s": 0.06391088664531708,
    "ConRollingPoints": 0.033968135714530945,
    "Year": 0.025838663801550865,
    "Rainfall_any": 0.025092806667089462,
    "FP3_PaceRank": 0.02391955442726612,
    "ChampionshipPos_norm": 0.022667016834020615,
    "Humidity_mean": 0.022450141608715057,
    "RollingQualiPos": 0.022105256095528603,
    "FP2_LongRunPace_s": 0.018036114051938057,
    "FP3_BestLap_s": 0.01731421798467636,
    "ConChampPos": 0.016854632645845413,
    "ConRollingAvgFinish": 0.016553103923797607,
    "AirTemp_mean": 0.015972618013620377,
    "IsHighDownforce": 0.01596977561712265,
    "RollingAvgGrid": 0.015815287828445435,
    "FP3_GapToFastest_s": 0.015688974410295486,
    "CumPointsBefore": 0.015467013232409954,
    "RollingPoints": 0.015353638678789139,
    "CircuitSCRate": 0.015311283059418201,
    "RollingDNFRate": 0.015209946781396866,
    "TrackTemp_mean": 0.014684978872537613,
    "SpeedTrap_kph": 0.014440047554671764,
    "IsStreetCircuit": 0.014111564494669437,
    "CircuitShortName_enc": 0.013708590529859066,
    "CircuitAvgQualiPos": 0.01369720883667469,
    "RollingAvgFinish": 0.01366231869906187,
    "RollingS2Gap": 0.013569410890340805,
    "CircuitVisits": 0.013368269428610802,
    "ConChampDelta": 0.01332358829677105,
    "FP2_LongRunRank": 0.013166847638785839,
    "CareerRaceCount": 0.013132521882653236,
    "RollingS3Gap": 0.013055281713604927,
    "RollingS1Gap": 0.012472400441765785,
    "RollingQualiStdGap": 0.012320661917328835,
    "RollingPodiumRate": 0.012202617712318897,
    "CircuitAvgQualiGap": 0.01202911976724863,
    "DNFStreak": 0.011882112361490726,
    "FP2_LongRunDelta_s": 0.011620912700891495,
    "ConRollingQualiGap": 0.011430430226027966,
    "IsLowDownforce": 0.011294038966298103,
    "YearsSinceLastRegChange": 0.010956997983157635,
    "RollingSpeedTrap": 0.01095662359148264,
    "RollingQualiGap": 0.010715736076235771,
    "RoundNumber": 0.010305791161954403,
    "H2H_QualiWinRate": 0.009511267766356468,
    "TeamName_enc": 0.009125095792114735,
    "Driver_enc": 0.00892564095556736
  },
  "impute_stats": {
    "Driver_enc": 28.0,
    "TeamName_enc": 6.0,
    "CircuitShortName_enc": 18.0,
    "Year": 2021.0,
    "RoundNumber": 11.0,
    "YearsSinceLastRegChange": 2.0,
    "CareerRaceCount": 50.0,
    "RollingQualiGap": 1.5231999999999999,
    "RollingQualiPos": 10.666666666666666,
    "RollingQualiStdGap": 0.5242423939067117,
    "ConRollingQualiGap": 1.5884999999999991,
    "CircuitAvgQualiGap": 1.4838333333333344,
    "CircuitAvgQualiPos": 10.0,
    "CircuitVisits": 1.0,
    "H2H_QualiWinRate": 0.5,
    "S1Gap_s": 0.39000000000000057,
    "S2Gap_s": 0.5360000000000014,
    "S3Gap_s": 0.40300000000000225,
    "RollingS1Gap": 0.43820000000000026,
    "RollingS2Gap": 0.6006,
    "RollingS3Gap": 0.46606666666666713,
    "SpeedTrap_kph": 320.0,
    "RollingSpeedTrap": 317.46666666666664,
    "FP3_BestLap_s": 86.884,
    "FP3_GapToFastest_s": 1.2650000000000006,
    "FP3_PaceRank": 10.0,
    "FP2_LongRunPace_s": 92.835875,
    "FP2_LongRunRank": 9.0,
    "FP2_LongRunDelta_s": 1.7593269230769266,
    "RollingAvgFinish": 10.933333333333334,
    "RollingAvgGrid": 10.333333333333334,
    "RollingPoints": 2.6666666666666665,
    "RollingPodiumRate": 0.0,
    "RollingDNFRate": 0.2,
    "DNFStreak": 0.0,
    "ConRollingAvgFinish": 11.133333333333333,
    "ConRollingPoints": 5.333333333333333,
    "ConChampDelta": 200.5,
    "ConChampPos": 5.0,
    "CumPointsBefore": 18.0,
    "ChampionshipPos_norm": 0.04819277108433735,
    "CircuitSCRate": 0.18,
    "AirTemp_mean": 23.654411764705884,
    "TrackTemp_mean": 33.27594936708861,
    "Humidity_mean": 56.84615384615385,
    "Rainfall_any": 0.0,
    "IsStreetCircuit": 0.0,
    "IsHighDownforce": 0.0,
    "IsLowDownforce": 0.0
  }
}