{
  "MAE_positions": 3.5705,
  "Spearman_rho": 0.6572,
  "feature_importances": {
    "ConChampPos": 0.10898733884096146,
    "ChampionshipPos_norm": 0.054888829588890076,
    "FP3_PaceRank": 0.043985869735479355,
    "CircuitAvgQualiGap": 0.04025602713227272,
    "RollingQualiPos": 0.035989269614219666,
    "ConRollingAvgFinish": 0.03356592357158661,
    "YearsSinceLastRegChange": 0.028341170400381088,
    "RollingPoints": 0.028254995122551918,
    "RollingAvgGrid": 0.028062613680958748,
    "RollingAvgFinish": 0.026756007224321365,
    "DNFStreak": 0.02547428198158741,
    "CumPointsBefore": 0.024932362139225006,
    "FP3_GapToFastest_s": 0.024104740470647812,
    "IsStreetCircuit": 0.023824414238333702,
    "ConRollingPoints": 0.022709930315613747,
    "CircuitAvgQualiPos": 0.021912768483161926,
    "RollingQualiGap": 0.02160504087805748,
    "Humidity_mean": 0.02154473401606083,
    "Rainfall_any": 0.021344076842069626,
    "ConRollingQualiGap": 0.02125149965286255,
    "CircuitVisits": 0.020552299916744232,
    "ConChampDelta": 0.020531145855784416,
    "RollingQualiStdGap": 0.020478658378124237,
    "AirTemp_mean": 0.019740823656320572,
    "H2H_QualiWinRate": 0.01918051391839981,
    "FP3_BestLap_s": 0.018788164481520653,
    "TeamName_enc": 0.017598969861865044,
    "RollingDNFRate": 0.017578627914190292,
    "Driver_enc": 0.017173102125525475,
    "TrackTemp_mean": 0.016833871603012085,
    "FP2_LongRunDelta_s": 0.016467733308672905,
    "CareerRaceCount": 0.015952982008457184,
    "FP2_LongRunPace_s": 0.01579860970377922,
    "Year": 0.015794748440384865,
    "FP2_LongRunRank": 0.015462606213986874,
    "IsHighDownforce": 0.014594200998544693,
    "CircuitSCRate": 0.013674442656338215,
    "RollingPodiumRate": 0.01283340249210596,
    "RoundNumber": 0.012594500556588173,
    "CircuitShortName_enc": 0.011286537162959576,
    "IsLowDownforce": 0.00929225143045187,
    "S2Gap_s": 0.0,
    "S1Gap_s": 0.0,
    "RollingS3Gap": 0.0,
    "RollingS2Gap": 0.0,
    "RollingSpeedTrap": 0.0,
    "SpeedTrap_kph": 0.0,
    "S3Gap_s": 0.0,
    "RollingS1Gap": 0.0
  },
  "impute_stats": {
    "Driver_enc": 20.0,
    "TeamName_enc": 5.0,
    "CircuitShortName_enc": 12.0,
    "Year": 2024.0,
    "RoundNumber": 11.5,
    "YearsSinceLastRegChange": 2.0,
    "CareerRaceCount": 11.0,
    "RollingQualiGap": 1.156266666666669,
    "RollingQualiPos": 11.4,
    "RollingQualiStdGap": 0.3795268803151568,
    "ConRollingQualiGap": 1.256899999999996,
    "CircuitAvgQualiGap": 1.0045000000000073,
    "CircuitAvgQualiPos": 9.0,
    "CircuitVisits": 0.0,
    "H2H_QualiWinRate": 0.5,
    "S1Gap_s": NaN,
    "S2Gap_s": NaN,
    "S3Gap_s": NaN,
    "RollingS1Gap": NaN,
    "RollingS2Gap": NaN,
    "RollingS3Gap": NaN,
    "SpeedTrap_kph": NaN,
    "RollingSpeedTrap": NaN,
    "FP3_BestLap_s": 85.433,
    "FP3_GapToFastest_s": 1.0450000000000017,
    "FP3_PaceRank": 10.0,
    "FP2_LongRunPace_s": 91.3215,
    "FP2_LongRunRank": 9.5,
    "FP2_LongRunDelta_s": 1.7127499999999998,
    "RollingAvgFinish": 11.333333333333334,
    "RollingAvgGrid": 11.233333333333334,
    "RollingPoints": 2.0,
    "RollingPodiumRate": 0.0,
    "RollingDNFRate": 0.4,
    "DNFStreak": 1.0,
    "ConRollingAvgFinish": 11.4,
    "ConRollingPoints": 3.6,
    "ConChampDelta": 139.5,
    "ConChampPos": 5.0,
    "CumPointsBefore": 12.0,
    "ChampionshipPos_norm": 0.030690537084398978,
    "CircuitSCRate": 0.18,
    "AirTemp_mean": 24.13873684210526,
    "TrackTemp_mean": 31.490570175438595,
    "Humidity_mean": 57.07922732362822,
    "Rainfall_any": 0.0,
    "IsStreetCircuit": 0.0,
    "IsHighDownforce": 0.0,
    "IsLowDownforce": 0.0
  }
}