{
  "MAE_positions": 1.2084,
  "Spearman_rho": 0.9362,
  "feature_importances": {
    "S2Gap_s": 0.14251700043678284,
    "S3Gap_s": 0.07771465927362442,
    "S1Gap_s": 0.06978191435337067,
    "FP3_PaceRank": 0.02690112590789795,
    "ConRollingPoints": 0.02666207030415535,
    "Year": 0.025625264272093773,
    "Rainfall_any": 0.023095306009054184,
    "Humidity_mean": 0.021925298497080803,
    "ChampionshipPos_norm": 0.02134176902472973,
    "RollingQualiPos": 0.021031880751252174,
    "ConChampPos": 0.02030112035572529,
    "RollingPoints": 0.01756625808775425,
    "FP3_BestLap_s": 0.01753745786845684,
    "ConRollingAvgFinish": 0.017383843660354614,
    "IsStreetCircuit": 0.01673116721212864,
    "TrackTemp_mean": 0.016679855063557625,
    "ConChampDelta": 0.01656181924045086,
    "IsHighDownforce": 0.016507446765899658,
    "FP2_LongRunPace_s": 0.016175340861082077,
    "CumPointsBefore": 0.015994135290384293,
    "RollingAvgGrid": 0.015695743262767792,
    "CircuitSCRate": 0.015512893907725811,
    "CircuitVisits": 0.015457890927791595,
    "FP3_GapToFastest_s": 0.014479867182672024,
    "RollingS2Gap": 0.014280503615736961,
    "CircuitAvgQualiPos": 0.014265745878219604,
    "AirTemp_mean": 0.01419348269701004,
    "ConRollingQualiGap": 0.014158076606690884,
    "SpeedTrap_kph": 0.014123829081654549,
    "CareerRaceCount": 0.013944990001618862,
    "CircuitShortName_enc": 0.013820497319102287,
    "RollingDNFRate": 0.013698883354663849,
    "RollingPodiumRate": 0.013518597930669785,
    "RollingS1Gap": 0.01314004510641098,
    "RollingAvgFinish": 0.01289310771971941,
    "RollingS3Gap": 0.012735363095998764,
    "RollingSpeedTrap": 0.012396248988807201,
    "RollingQualiStdGap": 0.012166925705969334,
    "CircuitAvgQualiGap": 0.012117582373321056,
    "YearsSinceLastRegChange": 0.011610720306634903,
    "DNFStreak": 0.011403187178075314,
    "FP2_LongRunRank": 0.011323686689138412,
    "IsLowDownforce": 0.011273830197751522,
    "FP2_LongRunDelta_s": 0.011156153865158558,
    "H2H_QualiWinRate": 0.011126074939966202,
    "RoundNumber": 0.010945895686745644,
    "RollingQualiGap": 0.010462515987455845,
    "Driver_enc": 0.010115995071828365,
    "TeamName_enc": 0.009946906939148903
  },
  "impute_stats": {
    "Driver_enc": 28.0,
    "TeamName_enc": 6.0,
    "CircuitShortName_enc": 18.0,
    "Year": 2021.0,
    "RoundNumber": 11.0,
    "YearsSinceLastRegChange": 2.0,
    "CareerRaceCount": 50.0,
    "RollingQualiGap": 1.5231999999999999,
    "RollingQualiPos": 10.666666666666666,
    "RollingQualiStdGap": 0.5242423939067117,
    "ConRollingQualiGap": 1.5884999999999991,
    "CircuitAvgQualiGap": 1.481500000000004,
    "CircuitAvgQualiPos": 10.0,
    "CircuitVisits": 1.0,
    "H2H_QualiWinRate": 0.5,
    "S1Gap_s": 0.39000000000000057,
    "S2Gap_s": 0.5360000000000014,
    "S3Gap_s": 0.40300000000000225,
    "RollingS1Gap": 0.43820000000000026,
    "RollingS2Gap": 0.6006,
    "RollingS3Gap": 0.46606666666666713,
    "SpeedTrap_kph": 320.0,
    "RollingSpeedTrap": 317.46666666666664,
    "FP3_BestLap_s": 86.884,
    "FP3_GapToFastest_s": 1.2650000000000006,
    "FP3_PaceRank": 10.0,
    "FP2_LongRunPace_s": 92.835875,
    "FP2_LongRunRank": 9.0,
    "FP2_LongRunDelta_s": 1.7593269230769266,
    "RollingAvgFinish": 10.933333333333334,
    "RollingAvgGrid": 10.333333333333334,
    "RollingPoints": 2.6666666666666665,
    "RollingPodiumRate": 0.0,
    "RollingDNFRate": 0.2,
    "DNFStreak": 0.0,
    "ConRollingAvgFinish": 11.133333333333333,
    "ConRollingPoints": 5.333333333333333,
    "ConChampDelta": 200.5,
    "ConChampPos": 5.0,
    "CumPointsBefore": 18.0,
    "ChampionshipPos_norm": 0.04819277108433735,
    "CircuitSCRate": 0.18,
    "AirTemp_mean": 23.654411764705884,
    "TrackTemp_mean": 33.27594936708861,
    "Humidity_mean": 56.84615384615385,
    "Rainfall_any": 0.0,
    "IsStreetCircuit": 0.0,
    "IsHighDownforce": 0.0,
    "IsLowDownforce": 0.0
  }
}