{
  "Brier_score": 0.0602,
  "Top3_avg_overlap": 2.3333,
  "n_races_evaluated": 24,
  "Brier_score_raw": 0.0751,
  "ECE_calibrated": 0.0,
  "ECE_raw": 0.0519,
  "feature_importances": {
    "QualiPos": 0.2709171772003174,
    "GridDifficultyScore": 0.08063026517629623,
    "QualiphaseReached": 0.07560890167951584,
    "RollingPoints": 0.028582485392689705,
    "ConRollingPoints": 0.027888240292668343,
    "ChampionshipPos_norm": 0.02167394757270813,
    "GapToPole_s": 0.021643830463290215,
    "ConChampPos": 0.0200838390737772,
    "ConRollingAvgFinish": 0.015040230005979538,
    "CircuitAvgQualiPos": 0.013975040055811405,
    "YearsSinceLastRegChange": 0.013873891904950142,
    "CumPointsBefore": 0.012851216830313206,
    "IsStreetCircuit": 0.012339986860752106,
    "Year": 0.012263194657862186,
    "RollingQualiPos": 0.012028825469315052,
    "CircuitAvgQualiGap": 0.011756151914596558,
    "StartCompound_enc": 0.011654986999928951,
    "TrackTemp_mean": 0.011382117867469788,
    "RollingAvgGrid": 0.011098382994532585,
    "CircuitAvgStints": 0.011070244945585728,
    "RollingS3Gap": 0.011026179417967796,
    "GridPenaltyPlaces": 0.010897981002926826,
    "RollingSpeedTrap": 0.010677211917936802,
    "FP2_LongRunPace_s": 0.010626022703945637,
    "CircuitShortName_enc": 0.010513857007026672,
    "CircuitDegRate": 0.010384147986769676,
    "RollingS1Gap": 0.010350514203310013,
    "CircuitSCRate": 0.010097719728946686,
    "FP2_LongRunRank": 0.00999543722718954,
    "StartTyreLife": 0.009751719422638416,
    "RollingQualiGap": 0.009653279557824135,
    "ConChampDelta": 0.009597131051123142,
    "Humidity_mean": 0.009553730487823486,
    "RollingPodiumRate": 0.00940417405217886,
    "FP2_LongRunDelta_s": 0.009318135678768158,
    "TeamName_enc": 0.009273611940443516,
    "BestQualiTime_s": 0.009183940477669239,
    "RollingAvgDegRate": 0.009110327810049057,
    "RollingAvgStints": 0.009036601521074772,
    "AirTemp_mean": 0.008882556110620499,
    "Driver_enc": 0.008857596665620804,
    "RoundNumber": 0.008784351870417595,
    "RollingAvgFinish": 0.008778943680226803,
    "RollingS2Gap": 0.00871947780251503,
    "RollingDNFRate": 0.008251418359577656,
    "ConRollingQualiGap": 0.007951278239488602,
    "CircuitVisits": 0.007678634021431208,
    "CareerRaceCount": 0.00720482412725687,
    "H2H_QualiWinRate": 0.006990564055740833,
    "IsHighDownforce": 0.006843902636319399,
    "Rainfall_any": 0.006428814027458429,
    "DNFStreak": 0.00589026790112257,
    "IsChaosCircuit": 0.004976303782314062,
    "IsLowDownforce": 0.0048223333433270454,
    "FreshStartTyre": 0.004124002996832132
  },
  "impute_stats": {
    "Driver_enc": 28.0,
    "TeamName_enc": 7.0,
    "CircuitShortName_enc": 18.0,
    "Year": 2021.0,
    "RoundNumber": 11.0,
    "YearsSinceLastRegChange": 2.0,
    "CareerRaceCount": 50.0,
    "QualiPos": 10.0,
    "GapToPole_s": 1.355000000000004,
    "BestQualiTime_s": 84.053,
    "QualiphaseReached": 3.0,
    "GridPenaltyPlaces": 0.0,
    "GridDifficultyScore": 10.0,
    "RollingQualiGap": 1.5214000000000008,
    "RollingQualiPos": 10.666666666666666,
    "ConRollingQualiGap": 1.5872666666666688,
    "CircuitAvgQualiGap": 1.4804999999999922,
    "CircuitAvgQualiPos": 10.0,
    "CircuitVisits": 1.0,
    "H2H_QualiWinRate": 0.5,
    "RollingS1Gap": 0.43796666666666817,
    "RollingS2Gap": 0.5995666666666659,
    "RollingS3Gap": 0.46593333333333375,
    "RollingSpeedTrap": 317.46666666666664,
    "FP2_LongRunPace_s": 92.8203,
    "FP2_LongRunRank": 9.0,
    "FP2_LongRunDelta_s": 1.7563402777777881,
    "StartCompound_enc": 2.0,
    "StartTyreLife": 1.0,
    "FreshStartTyre": 0.0,
    "RollingAvgStints": 1.6,
    "RollingAvgDegRate": -0.00036235995486008594,
    "CircuitAvgStints": 1.4749269005847954,
    "CircuitDegRate": -0.008152051246901281,
    "RollingAvgFinish": 10.933333333333334,
    "RollingAvgGrid": 10.333333333333334,
    "RollingPoints": 2.6666666666666665,
    "RollingPodiumRate": 0.0,
    "RollingDNFRate": 0.2,
    "DNFStreak": 0.0,
    "ConRollingAvgFinish": 11.149999999999999,
    "ConRollingPoints": 5.266666666666667,
    "ConChampDelta": 199.5,
    "ConChampPos": 5.0,
    "CircuitSCRate": 0.18,
    "CumPointsBefore": 18.0,
    "ChampionshipPos_norm": 0.04699738903394256,
    "AirTemp_mean": 23.176086956521736,
    "TrackTemp_mean": 35.523529411764706,
    "Humidity_mean": 54.15765765765766,
    "Rainfall_any": 0.0,
    "IsStreetCircuit": 0.0,
    "IsHighDownforce": 0.0,
    "IsLowDownforce": 0.0,
    "IsChaosCircuit": 0.0
  }
}