{
  "Brier_score": 0.0578,
  "Top3_avg_overlap": 2.375,
  "n_races_evaluated": 24,
  "Brier_score_raw": 0.0759,
  "ECE_calibrated": 0.0,
  "ECE_raw": 0.0544,
  "feature_importances": {
    "QualiPos": 0.29198965430259705,
    "QualiphaseReached": 0.07529368251562119,
    "GridDifficultyScore": 0.07134168595075607,
    "ConRollingPoints": 0.02949945442378521,
    "RollingPoints": 0.02710544504225254,
    "GapToPole_s": 0.021761110052466393,
    "ChampionshipPos_norm": 0.021567946299910545,
    "ConChampPos": 0.018783781677484512,
    "ConRollingAvgFinish": 0.015884727239608765,
    "CircuitAvgQualiPos": 0.014237738214433193,
    "YearsSinceLastRegChange": 0.013007130473852158,
    "Year": 0.012836150825023651,
    "CumPointsBefore": 0.0122835049405694,
    "RollingQualiPos": 0.012282696552574635,
    "CircuitAvgQualiGap": 0.011912849731743336,
    "StartCompound_enc": 0.011711684055626392,
    "TrackTemp_mean": 0.01150037907063961,
    "RollingAvgGrid": 0.011377912014722824,
    "RollingS3Gap": 0.011347843334078789,
    "GridPenaltyPlaces": 0.01096076238900423,
    "FP2_LongRunPace_s": 0.01076481956988573,
    "RollingS1Gap": 0.010635563172399998,
    "CircuitAvgStints": 0.010429472662508488,
    "RollingQualiGap": 0.010162507183849812,
    "RollingSpeedTrap": 0.009867009706795216,
    "StartTyreLife": 0.009843520820140839,
    "CircuitShortName_enc": 0.0098340455442667,
    "BestQualiTime_s": 0.009704618714749813,
    "RollingPodiumRate": 0.009665816091001034,
    "ConChampDelta": 0.009606991894543171,
    "FP2_LongRunRank": 0.009550908580422401,
    "CircuitDegRate": 0.009498776867985725,
    "CircuitSCRate": 0.009498383849859238,
    "AirTemp_mean": 0.009190416894853115,
    "FP2_LongRunDelta_s": 0.009130546823143959,
    "RollingAvgDegRate": 0.009096989408135414,
    "Humidity_mean": 0.009070496074855328,
    "TeamName_enc": 0.008953126147389412,
    "RoundNumber": 0.008941630832850933,
    "RollingAvgStints": 0.008616520091891289,
    "RollingDNFRate": 0.00856727547943592,
    "RollingS2Gap": 0.008354845456779003,
    "Driver_enc": 0.008348113857209682,
    "CircuitVisits": 0.008279189467430115,
    "RollingAvgFinish": 0.00818151980638504,
    "IsHighDownforce": 0.007799623068422079,
    "Rainfall_any": 0.007793886587023735,
    "IsStreetCircuit": 0.00765607925131917,
    "CareerRaceCount": 0.007516325451433659,
    "ConRollingQualiGap": 0.007368572987616062,
    "H2H_QualiWinRate": 0.0062314607203006744,
    "DNFStreak": 0.006125832442194223,
    "IsLowDownforce": 0.00568448705598712,
    "IsChaosCircuit": 0.0033444652799516916,
    "FreshStartTyre": 0.0
  },
  "impute_stats": {
    "Driver_enc": 28.0,
    "TeamName_enc": 7.0,
    "CircuitShortName_enc": 18.0,
    "Year": 2021.0,
    "RoundNumber": 11.0,
    "YearsSinceLastRegChange": 2.0,
    "CareerRaceCount": 50.0,
    "QualiPos": 10.0,
    "GapToPole_s": 1.355000000000004,
    "BestQualiTime_s": 84.053,
    "QualiphaseReached": 3.0,
    "GridPenaltyPlaces": 0.0,
    "GridDifficultyScore": 10.0,
    "RollingQualiGap": 1.5214000000000008,
    "RollingQualiPos": 10.666666666666666,
    "ConRollingQualiGap": 1.5872666666666688,
    "CircuitAvgQualiGap": 1.4830000000000017,
    "CircuitAvgQualiPos": 10.0,
    "CircuitVisits": 1.0,
    "H2H_QualiWinRate": 0.5,
    "RollingS1Gap": 0.43796666666666817,
    "RollingS2Gap": 0.5995666666666659,
    "RollingS3Gap": 0.46593333333333375,
    "RollingSpeedTrap": 317.46666666666664,
    "FP2_LongRunPace_s": 92.8203,
    "FP2_LongRunRank": 9.0,
    "FP2_LongRunDelta_s": 1.7563402777777881,
    "StartCompound_enc": 2.0,
    "StartTyreLife": 1.0,
    "FreshStartTyre": 0.0,
    "RollingAvgStints": 1.6,
    "RollingAvgDegRate": -0.00036235995486008594,
    "CircuitAvgStints": 1.4749269005847954,
    "CircuitDegRate": -0.008152051246901281,
    "RollingAvgFinish": 10.933333333333334,
    "RollingAvgGrid": 10.333333333333334,
    "RollingPoints": 2.6666666666666665,
    "RollingPodiumRate": 0.0,
    "RollingDNFRate": 0.2,
    "DNFStreak": 0.0,
    "ConRollingAvgFinish": 11.149999999999999,
    "ConRollingPoints": 5.266666666666667,
    "ConChampDelta": 199.5,
    "ConChampPos": 5.0,
    "CircuitSCRate": 0.18,
    "CumPointsBefore": 18.0,
    "ChampionshipPos_norm": 0.04699738903394256,
    "AirTemp_mean": 23.176086956521736,
    "TrackTemp_mean": 35.523529411764706,
    "Humidity_mean": 54.15765765765766,
    "Rainfall_any": 0.0,
    "IsStreetCircuit": 0.0,
    "IsHighDownforce": 0.0,
    "IsLowDownforce": 0.0,
    "IsChaosCircuit": 0.0
  }
}